{"spatialReference":{"latestWkid":3857,"wkid":102100},"rings":[[[-11303501.553204022,3650528.9304947983],[-11272111.426029181,3668262.3397183344],[-11256212.524145873,3668669.997648727],[-11239702.126036283,3662147.358794139],[-11239498.306401778,3654401.764809757],[-11272926.741889967,3632795.539932646],[-11293309.974314516,3636056.8780213236],[-11303501.553204022,3650528.9304947983]]]}