{"spatialReference":{"latestWkid":3857,"wkid":102100},"rings":[[[-11420157.502167763,3790891.170199043],[-11426170.535951944,3778966.993786551],[-11436616.91737666,3761233.6032243823],[-11444770.187952818,3748596.0021069827],[-11456796.29284393,3754710.983031179],[-11462095.920584572,3756137.785787547],[-11443649.142640265,3790993.0706855757],[-11456643.437448742,3795783.1260132263],[-11460223.236718321,3794228.925488255],[-11471650.558450919,3777591.1202793643],[-11481969.585261492,3780291.886725639],[-11480670.14644995,3786024.670845043],[-11480593.700090973,3790126.804581491],[-11452821.586034475,3826663.7134325015],[-11430807.721888367,3817491.2630402674],[-11408793.857742256,3806484.323969188],[-11420157.502167763,3790891.170199043]]]}