{"spatialReference":{"latestWkid":3857,"wkid":102100},"rings":[[[-11099159.86648598,3371075.18307623],[-11067973.558945643,3374744.160433917],[-11024557.326879684,3376170.9725209833],[-11026799.454827536,3363329.55176908],[-11018238.507659601,3350488.1310171764],[-11009066.064265383,3336831.3944044877],[-11012938.898580343,3329085.7630973374],[-11006823.936317531,3322563.1429041335],[-10988071.372937322,3327658.951010271],[-10982364.087266287,3322563.1429041335],[-10982771.726535296,3317263.515163492],[-10993574.838973852,3284242.7189443116],[-11005397.086907698,3276293.268002657],[-11016404.018980756,3280166.0649948483],[-11038621.740084149,3299326.2863054513],[-11067158.20576209,3318894.165546447],[-11077146.00233986,3333162.417046801],[-11087745.257821143,3351914.9617656274],[-11099159.86648598,3371075.18307623]]]}