{"spatialReference":{"latestWkid":3857,"wkid":102100},"rings":[[[-11252747.40374546,3771910.959403675],[-11253562.719606243,3768038.1437501004],[-11265181.147905583,3747247.272056544],[-11272111.426029181,3702608.0475380206],[-11284545.170189308,3699958.2243370097],[-11311247.184511174,3684670.8186799814],[-11319808.131679107,3711984.3292281274],[-11298813.440351047,3729513.8814943903],[-11304928.402613856,3752954.576388961],[-11302686.20002047,3777414.4067788227],[-11296367.455445923,3784446.622711748],[-11279041.704152778,3788829.01544366],[-11274761.23056881,3805339.4135532486],[-11263346.659226734,3821442.1537324577],[-11272213.3731692,3826537.961838599],[-11281385.816563426,3825416.8885339787],[-11281181.992263578,3829850.2361745206],[-11297386.656256083,3833672.0875887815],[-11308597.431290388,3828678.198630584],[-11317769.879349962,3839787.0591822905],[-11325337.131154161,3847558.1539477212],[-11296622.267311852,3855736.9159742366],[-11292800.387905516,3859864.5155016347],[-11255804.884876868,3850590.143628771],[-11235574.55450096,3842385.894817248],[-11219930.42716078,3820015.3229839946],[-11185686.638489038,3797389.962611594],[-11145327.887554487,3772930.1135603487],[-11223191.76524946,3760496.3694002223],[-11252747.40374546,3771910.959403675]]]}