{"spatialReference":{"latestWkid":3857,"wkid":102100},"rings":[[[-11381569.231872132,4034752.3802339975],[-11330203.548864495,4033529.3877814347],[-11328165.203228379,3963411.1413935805],[-11344471.744380705,3902669.1953572193],[-11370562.299799066,3878209.346305964],[-11381976.871141141,3880247.654619313],[-11402767.742834708,3910007.150072596],[-11396652.780571893,3980125.3964604503],[-11381569.231872132,4034752.3802339975]]]}