{"spatialReference":{"latestWkid":3857,"wkid":102100},"rings":[[[-11187336.689206515,3868665.860475339],[-11190037.471981497,3869226.3877969556],[-11191133.077162495,3869965.2712948015],[-11193247.838832837,3870958.9631595397],[-11194114.11893294,3871876.2179959905],[-11194808.421551088,3873296.670050172],[-11194942.182851579,3874003.711395474],[-11196916.811525183,3872258.3938067295],[-11198643.022189535,3872723.397586551],[-11200012.518168757,3873799.881263942],[-11203955.39332268,3867691.290114219],[-11208254.980829068,3868258.202544955],[-11208968.396203298,3877787.348960939],[-11216408.260735914,3888794.2833666718],[-11202955.343757734,3897049.483587805],[-11196483.65981177,3898782.0566177177],[-11184202.789708208,3891902.7170740357],[-11177680.169514999,3885685.8449939666],[-11171667.117069434,3875392.3189644315],[-11169221.113502922,3866525.6236833474],[-11170749.854068626,3854805.2855667444],[-11175030.327652592,3844613.678685143],[-11187566.000291364,3833097.1695337286],[-11191948.40235396,3830294.453614767],[-11197655.68802499,3824587.177274425],[-11198674.86084305,3822752.679264889],[-11202547.657835241,3827644.6490751384],[-11209885.612550613,3836205.5962430737],[-11207541.574785495,3842575.3610410863],[-11202547.657835228,3845378.0489679812],[-11202598.631405236,3850779.5911912224],[-11203031.776120635,3855136.5018034745],[-11195821.236668907,3858983.8306720434],[-11188279.429661611,3860894.756379174],[-11188941.876131168,3863264.3042560136],[-11187489.567928417,3866831.3694637986],[-11187336.689206515,3868665.860475339]]]}