{"spatialReference":{"latestWkid":3857,"wkid":102100},"rings":[[[-11537348.875645328,3623967.139606536],[-11535412.477149231,3627024.620737944],[-11527768.77432071,3628961.028564733],[-11522571.056397317,3625801.6282853805],[-11515233.101681937,3620196.2431009016],[-11508098.96660106,3610514.2226283397],[-11516659.913769005,3602564.7716866783],[-11524507.454893414,3592067.416691946],[-11533374.150174497,3585748.6254639328],[-11536941.217714936,3587175.446881693],[-11533577.988470387,3592678.9129182277],[-11525934.285641866,3606233.749044368],[-11533374.150174497,3614387.028951226],[-11537858.462054357,3618667.5025351974],[-11537348.875645328,3623967.139606536]]]}